[  
   {  
      "_id":"59d8c5c9169c3642b6cf314e",
      "updated_at":"2017-11-24T16:52:57.830Z",
      "created_at":"2017-10-07T12:17:13.862Z",
      "name":"Labs",
      "title":"Enfocado 100% a emprendedores y startups tecnológicos.",
      "desde":"Desde $3.500",
      "gform":"https://docs.google.com/forms/d/e/1FAIpQLScO-wnH220x0PegkHDRS2irLP3xkn4q4kJavFAN82_s_SCArg/viewform",
      "order":0,
      "__v":0,
      "published":true,
      "salvador":{  
         "from":"$3.500 + IVA",
         "aclaracion":"Por mes con un mínimo de 6 meses. "
      },
      "soho":{  
         "from":"",
         "aclaracion":""
      },
      "list":[  
         "Acceso a los beneficios y descuentos de la Comunidad A3.",
         "Acceso 24x7.",
         "Espacio exclusivo con puestos fijos y sillas ergonómicas Haworth.",
         "Uso de todos los espacios compartidos, incluyendo living, cocina, ping pong y jardín.",
         "Coffee break con café, infusiones, galletitas y frutas sin cargo.",
         "Alianza con 650 coworkings de todo el mundo.",
         "Terraza de 600m2 con una hermosa vista al jardín.",
         "Acceso a eventos innovadores e inspiradores."
      ],
      "slide":[  
         "file-1510675568507.jpg",
         "file-1510675576303.jpg",
         "file-1510675891666.jpg",
         "file-1510675906938.jpg"
      ]
   },
   {  
      "_id":"59d8c637169c3642b6cf314f",
      "updated_at":"2017-11-24T16:50:41.370Z",
      "created_at":"2017-10-07T12:19:04.000Z",
      "name":"Flex",
      "title":"Espacio compartido para profesionales móviles.",
      "desde":"Desde $3.000",
      "gform":"https://docs.google.com/forms/d/e/1FAIpQLSc_E7396zYdXQKIuT19okSGKtoy6HfyrItUPmmEyTanzk5hmA/viewform",
      "order":1,
      "__v":0,
      "published":true,
      "salvador":{  
         "from":"$4.200 + IVA",
         "aclaracion":"Por mes con un mínimo de 3 meses. "
      },
      "soho":{  
         "from":"$3.000 + IVA",
         "aclaracion":"Por mes con un mínimo de 3 meses. "
      },
      "list":[  
         "Acceso a los beneficios y descuentos de la Comunidad A3.",
         "Acceso garantizado de lunes a viernes de 8.30 a 18:30hs. Horario extendido sujeto a disponibilidad.",
         "Uso de todos los espacios compartidos, incluyendo living, cocina, ping pong y jardín.",
         "Coffee break con café, infusiones, galletitas y frutas sin cargo.",
         "Horas sin cargo para uso de salas de reuniones.",
         "Alianza con 650 coworkings de todo el mundo.",
         "Terraza de 600m2 con una hermosa vista al jardín.",
         "Acceso a eventos innovadores e inspiradores.",
         "Los servicios incluidos varían según la sede."
      ],
      "slide":[  
         "file-1510675629920.jpg",
         "file-1510675938649.jpg",
         "file-1510675949012.jpg",
         "file-1510675957735.jpg"
      ]
   },
   {  
      "_id":"59d8c694169c3642b6cf3150",
      "updated_at":"2017-11-24T16:53:53.365Z",
      "created_at":"2017-10-07T12:20:36.692Z",
      "name":"Desk",
      "title":"Siempre tenés tu escritorio fijo esperándote.",
      "desde":"Desde $3.600",
      "gform":"https://docs.google.com/forms/d/e/1FAIpQLSc_E7396zYdXQKIuT19okSGKtoy6HfyrItUPmmEyTanzk5hmA/viewform",
      "order":2,
      "__v":0,
      "published":true,
      "salvador":{  
         "from":"$4.500 + IVA",
         "aclaracion":"Por mes con un mínimo de 6 meses. "
      },
      "soho":{  
         "from":"$3.600 + IVA",
         "aclaracion":"Por mes con un mínimo de 6 meses. "
      },
      "list":[  
         "Acceso a los beneficios y descuentos de la Comunidad A3.",
         "Acceso 24x7 (El Salvador)",
         "Uso de todos los espacios compartidos, incluyendo living, cocina, ping pong y jardín.",
         "Desk dedicado con silla ergonómica Haworth y espacio de guardado bajo llave.",
         "Coffee break con café, infusiones, galletitas y frutas sin cargo.",
         "Teléfonos IP con número fijo, voicemail y atención personalizada.",
         "Horas sin cargo para uso de salas de reuniones.",
         "Alianza con 650 coworkings de todo el mundo.",
         "Terraza de 600m2 con una hermosa vista al jardín.",
         "Acceso a eventos innovadores e inspiradores.",
         "Los servicios incluidos varían según la sede."
      ],
      "slide":[  
         "file-1510675671934.jpg",
         "file-1510675988784.jpg",
         "file-1510675995946.jpg",
         "file-1510676004250.jpg"
      ]
   },
   {  
      "_id":"59d8c6f0169c3642b6cf3151",
      "updated_at":"2017-11-24T16:54:23.158Z",
      "created_at":"2017-10-07T12:22:08.948Z",
      "name":"Office",
      "title":"Tu oficina privada y equipada para equipos de 2 hasta 40 personas.",
      "desde":"Desde $11.800",
      "gform":"https://docs.google.com/forms/d/e/1FAIpQLSc_E7396zYdXQKIuT19okSGKtoy6HfyrItUPmmEyTanzk5hmA/viewform",
      "order":3,
      "__v":0,
      "published":true,
      "salvador":{  
         "from":"$20.500 + IVA *",
         "aclaracion":"Por mes con un mínimo de 6 meses. (*) Este precio corresponde a una oficina para cuatro personas."
      },
      "soho":{  
         "from":"$11.800 + IVA *",
         "aclaracion":"Por mes con un mínimo de 6 meses. (*) Este precio corresponde a una oficina para tres personas."
      },
      "list":[  
         "Acceso a los beneficios y descuentos de la Comunidad A3.",
         "Acceso 24x7 (El Salvador).",
         "Oficinas privadas y amuebladas con equipamiento moderno que incluye escritorios, silla ergonómica Haworth y espacio de guardado.",
         "Uso de todos los espacios compartidos, incluyendo living, cocina, ping pong y jardín.",
         "Coffee break con café, infusiones, galletitas y frutas sin cargo.",
         "Teléfonos IP con número fijo y voicemail.",
         "Horas sin cargo para uso de salas de reuniones.",
         "Alianza con 650 coworkings de todo el mundo.",
         "Terraza de 600m2 con una hermosa vista al jardín.",
         "Acceso a eventos innovadores e inspiradores."
      ],
      "slide":[  
         "file-1510675718013.jpg",
         "file-1510676030097.jpg",
         "file-1510676041391.jpg",
         "file-1510676050106.jpg",
         "file-1510676058594.jpg"
      ]
   }
]